Entity,Code,Year,Literacy rate
Brazil,BRA,1900,34.7
Brazil,BRA,1920,35.1
Brazil,BRA,1940,43.9
Brazil,BRA,1950,47.5
Brazil,BRA,1980,75
Brazil,BRA,2000,86
Brazil,BRA,2004,89
Brazil,BRA,2006,90
Brazil,BRA,2007,90
Brazil,BRA,2008,90
Brazil,BRA,2009,90
Brazil,BRA,2010,90
Brazil,BRA,2011,91
Brazil,BRA,2012,91
Brazil,BRA,2013,91
Brazil,BRA,2014,92
Brazil,BRA,2015,92
Brazil,BRA,2016,93
Brazil,BRA,2017,93
Brazil,BRA,2018,93
Egypt,EGY,1907,7.3
Egypt,EGY,1917,8.8
Egypt,EGY,1927,14.1
Egypt,EGY,1937,14.8
Egypt,EGY,1950,22.5
Egypt,EGY,1976,38
Egypt,EGY,1986,44
Egypt,EGY,1996,56
Egypt,EGY,2005,67
Egypt,EGY,2006,66
Egypt,EGY,2010,72
Egypt,EGY,2012,74
Egypt,EGY,2013,72
Egypt,EGY,2017,71
Germany,DEU,1475,9
Germany,DEU,1550,16
Germany,DEU,1650,31
Germany,DEU,1750,38
Germany,DEU,1950,98.5
India,IND,1901,6.2
India,IND,1911,7
India,IND,1921,8.3
India,IND,1931,9.1
India,IND,1950,17.5
India,IND,1981,41
India,IND,1991,48
India,IND,2001,61
India,IND,2006,63
India,IND,2011,69
India,IND,2022,76
India,IND,2023,82
Mexico,MEX,1900,22.3
Mexico,MEX,1910,27.7
Mexico,MEX,1921,33.8
Mexico,MEX,1930,38.5
Mexico,MEX,1940,46
Mexico,MEX,1950,62.5
Mexico,MEX,1980,83
Mexico,MEX,1990,88
Mexico,MEX,2000,91
Mexico,MEX,2002,90
Mexico,MEX,2004,91
Mexico,MEX,2005,92
Mexico,MEX,2006,92
Mexico,MEX,2007,93
Mexico,MEX,2008,93
Mexico,MEX,2009,93
Mexico,MEX,2010,93
Mexico,MEX,2011,94
Mexico,MEX,2012,94
Mexico,MEX,2013,94
Mexico,MEX,2014,95
Mexico,MEX,2015,94
Mexico,MEX,2016,95
Mexico,MEX,2017,95
Mexico,MEX,2018,95
Mexico,MEX,2020,95
Netherlands,NLD,1475,17
Netherlands,NLD,1550,12
Netherlands,NLD,1650,53
Netherlands,NLD,1750,85
Netherlands,NLD,1950,98.5
Papua New Guinea,PNG,1950,7.5
Papua New Guinea,PNG,2000,57
Papua New Guinea,PNG,2017,70.06368
Spain,ESP,1475,3
Spain,ESP,1550,4
Spain,ESP,1650,5
Spain,ESP,1750,8
Spain,ESP,1900,41.3
Spain,ESP,1910,47.8
Spain,ESP,1920,56
Spain,ESP,1940,76.8
Spain,ESP,1950,82.5
Spain,ESP,1981,93
Spain,ESP,1991,96
Spain,ESP,2004,97
Spain,ESP,2005,98
Spain,ESP,2006,98
Spain,ESP,2007,98
Spain,ESP,2008,98
Spain,ESP,2009,98
Spain,ESP,2010,98
Spain,ESP,2011,98
Spain,ESP,2012,98
Spain,ESP,2013,98
Spain,ESP,2014,98
Spain,ESP,2015,98
Spain,ESP,2016,98
Spain,ESP,2018,98
Spain,ESP,2020,99
Spain,ESP,2021,100
United Kingdom,GBR,1475,5
United Kingdom,GBR,1550,16
United Kingdom,GBR,1650,53
United Kingdom,GBR,1750,54
United Kingdom,GBR,1950,98.5
World,OWID_WRL,1820,12.046689
World,OWID_WRL,1870,18.740555
World,OWID_WRL,1880,19.628456
World,OWID_WRL,1890,20.516357
World,OWID_WRL,1900,21.404259
World,OWID_WRL,1910,26.445602
World,OWID_WRL,1920,31.623163
World,OWID_WRL,1930,32.52763
World,OWID_WRL,1940,41.879223
World,OWID_WRL,1950,35.959377
World,OWID_WRL,1960,41.620377
World,OWID_WRL,1976,65.65894
World,OWID_WRL,1977,65.94926
World,OWID_WRL,1978,66.57221
World,OWID_WRL,1979,67.2339
World,OWID_WRL,1980,67.8477
World,OWID_WRL,1981,68.45067
World,OWID_WRL,1982,69.04228
World,OWID_WRL,1983,69.61146
World,OWID_WRL,1984,70.2725
World,OWID_WRL,1985,70.86449
World,OWID_WRL,1986,71.41617
World,OWID_WRL,1987,72.10954
World,OWID_WRL,1988,73.82419
World,OWID_WRL,1989,74.34693
World,OWID_WRL,1990,74.90702
World,OWID_WRL,1991,75.28651
World,OWID_WRL,1992,75.69432
World,OWID_WRL,1993,76.10245
World,OWID_WRL,1994,76.50147
World,OWID_WRL,1995,76.91185
World,OWID_WRL,1996,77.29632
World,OWID_WRL,1997,79.28844
World,OWID_WRL,1998,80.4687
World,OWID_WRL,1999,80.806
World,OWID_WRL,2000,80.97923
World,OWID_WRL,2001,81.28601
World,OWID_WRL,2002,81.64019
World,OWID_WRL,2003,82.11429
World,OWID_WRL,2004,82.44728
World,OWID_WRL,2005,82.45476
World,OWID_WRL,2006,82.42529
World,OWID_WRL,2007,83.01185
World,OWID_WRL,2008,83.38555
World,OWID_WRL,2009,83.60871
World,OWID_WRL,2010,84.2272
World,OWID_WRL,2011,84.41082
World,OWID_WRL,2012,84.60142
World,OWID_WRL,2013,84.90313
World,OWID_WRL,2014,85.28642
World,OWID_WRL,2015,85.67891
World,OWID_WRL,2016,86.00014
World,OWID_WRL,2017,86.17703
World,OWID_WRL,2018,86.43751
World,OWID_WRL,2019,86.54794
World,OWID_WRL,2020,86.74748
World,OWID_WRL,2021,86.92754
World,OWID_WRL,2022,87.15536
World,OWID_WRL,2023,87.35603