{
  "chart": {
    "title": "Military spending as a share of GDP",
    "subtitle": "Military expenditure divided by gross domestic product, expressed as a percentage. Includes military and civil personnel, operation and maintenance, procurement, military research and development, infrastructure, and aid.",
    "citation": "Stockholm International Peace Research Institute (2025)",
    "originalChartUrl": "https://ourworldindata.org/grapher/military-spending-as-a-share-of-gdp-sipri?overlay=download-data&v=1&csvType=filtered&useColumnShortNames=false",
    "selection": [
      "United States",
      "Russia",
      "United Kingdom",
      "China",
      "Germany",
      "India",
      "Ukraine",
      "Israel",
      "Saudi Arabia"
    ]
  },
  "columns": {
    "Military expenditure (% of GDP)": {
      "titleShort": "Military expenditure (% of GDP)",
      "titleLong": "Military expenditure (% of GDP)",
      "descriptionShort": "Total military expenditure divided by [gross domestic product](#dod:gdp), expressed as a percentage.",
      "descriptionKey": [
        "This data includes military and civil personnel, operation and maintenance, procurement, military research and development, infrastructure, and aid. Civil defense and current expenditures for previous military activities are excluded."
      ],
      "shortUnit": "%",
      "unit": "% of GDP",
      "timespan": "1949-2024",
      "type": "Numeric",
      "owidVariableId": 1027861,
      "shortName": "share_gdp",
      "lastUpdated": "2025-04-28",
      "nextUpdate": "2026-04-28",
      "citationShort": "Stockholm International Peace Research Institute (2025) – with minor processing by Our World in Data",
      "citationLong": "Stockholm International Peace Research Institute (2025) – with minor processing by Our World in Data. “Military expenditure (% of GDP)” [dataset]. Stockholm International Peace Research Institute, “SIPRI Military Expenditure Database” [original data].",
      "fullMetadata": "https://api.ourworldindata.org/v1/indicators/1027861.metadata.json"
    },
    "World regions according to OWID": {
      "titleShort": "World regions according to OWID",
      "titleLong": "World regions according to OWID",
      "descriptionShort": "Regions defined by Our World in Data, which are used in OWID charts and maps.",
      "unit": "",
      "timespan": "2023-2023",
      "type": "Continent",
      "owidVariableId": 900801,
      "shortName": "owid_region",
      "lastUpdated": "2023-01-01",
      "citationShort": "Our World in Data – processed by Our World in Data",
      "citationLong": "Our World in Data – processed by Our World in Data. “World regions according to OWID” [dataset]. Our World in Data, “Regions” [original data].",
      "fullMetadata": "https://api.ourworldindata.org/v1/indicators/900801.metadata.json"
    }
  },
  "dateDownloaded": "2025-11-08",
  "activeFilters": {
    "overlay": "download-data"
  }
}