{
  "chart": {
    "title": "Total fertility rate: births per woman",
    "subtitle": "The [total fertility rate](#dod:fertility-rate) summarizes the total number of births a woman would have, if she experienced the birth rates seen in women of each age group in one particular year across her childbearing years.",
    "note": "",
    "citation": "Human Fertility Database (2025); UN, World Population Prospects (2024)",
    "originalChartUrl": "https://ourworldindata.org/grapher/children-born-per-woman?overlay=download-data&v=1&csvType=filtered&useColumnShortNames=false",
    "selection": [
      "World",
      "United States",
      "United Kingdom",
      "Russia",
      "Germany",
      "Japan",
      "India"
    ]
  },
  "columns": {
    "Fertility rate (period), historical": {
      "titleShort": "Fertility rate: births per woman",
      "titleLong": "Fertility rate: births per woman - HFD, UN WPP – period tables",
      "descriptionShort": "The average number of live births a hypothetical cohort of women would have at the end of their reproductive period if they were subject during their whole lives to the fertility rates of a given period and if they were not subject to mortality.",
      "descriptionKey": [
        "Assumes current age-specific fertility rates remain constant throughout a woman's lifetime.",
        "Does not account for potential changes in social, economic, or health conditions that could affect fertility rates."
      ],
      "descriptionProcessing": "The fertility data is constructed by combining data from multiple sources:\n\n- Before 1950: Historical estimates by Human Fertility Database (2025).\n\n- 1950-2023: Population records by the UN World Population Prospects (2024 revision).",
      "unit": "live births per woman",
      "timespan": "1891-2023",
      "type": "Numeric",
      "owidVariableId": 1118640,
      "shortName": "fertility_rate_hist",
      "lastUpdated": "2025-10-22",
      "nextUpdate": "2026-10-22",
      "citationShort": "Human Fertility Database (2025); UN, World Population Prospects (2024) – with major processing by Our World in Data",
      "citationLong": "Human Fertility Database (2025); UN, World Population Prospects (2024) – with major processing by Our World in Data. “Fertility rate: births per woman – HFD, UN WPP – period tables” [dataset]. Human Fertility Database, “Human Fertility Database”; United Nations, “World Population Prospects” [original data].",
      "fullMetadata": "https://api.ourworldindata.org/v1/indicators/1118640.metadata.json"
    }
  },
  "dateDownloaded": "2025-11-08",
  "activeFilters": {
    "overlay": "download-data"
  }
}