Entity,Code,Year,"Fertility rate (period), historical"
Germany,DEU,1950,2.194
Germany,DEU,1951,2.166
Germany,DEU,1952,2.136
Germany,DEU,1953,2.129
Germany,DEU,1954,2.15
Germany,DEU,1955,2.158
Germany,DEU,1956,2.206
Germany,DEU,1957,2.256
Germany,DEU,1958,2.262
Germany,DEU,1959,2.359
Germany,DEU,1960,2.381
Germany,DEU,1961,2.465
Germany,DEU,1962,2.462
Germany,DEU,1963,2.523
Germany,DEU,1964,2.525
Germany,DEU,1965,2.487
Germany,DEU,1966,2.503
Germany,DEU,1967,2.439
Germany,DEU,1968,2.341
Germany,DEU,1969,2.2
Germany,DEU,1970,2.024
Germany,DEU,1971,1.951
Germany,DEU,1972,1.726
Germany,DEU,1973,1.551
Germany,DEU,1974,1.521
Germany,DEU,1975,1.477
Germany,DEU,1976,1.494
Germany,DEU,1977,1.498
Germany,DEU,1978,1.489
Germany,DEU,1979,1.494
Germany,DEU,1980,1.556
Germany,DEU,1981,1.529
Germany,DEU,1982,1.504
Germany,DEU,1983,1.43
Germany,DEU,1984,1.389
Germany,DEU,1985,1.378
Germany,DEU,1986,1.417
Germany,DEU,1987,1.438
Germany,DEU,1988,1.464
Germany,DEU,1989,1.433
Germany,DEU,1990,1.46
Germany,DEU,1991,1.344
Germany,DEU,1992,1.305
Germany,DEU,1993,1.288
Germany,DEU,1994,1.254
Germany,DEU,1995,1.262
Germany,DEU,1996,1.33
Germany,DEU,1997,1.377
Germany,DEU,1998,1.364
Germany,DEU,1999,1.37
Germany,DEU,2000,1.386
Germany,DEU,2001,1.354
Germany,DEU,2002,1.344
Germany,DEU,2003,1.343
Germany,DEU,2004,1.361
Germany,DEU,2005,1.344
Germany,DEU,2006,1.339
Germany,DEU,2007,1.378
Germany,DEU,2008,1.387
Germany,DEU,2009,1.367
Germany,DEU,2010,1.4
Germany,DEU,2011,1.385
Germany,DEU,2012,1.405
Germany,DEU,2013,1.415
Germany,DEU,2014,1.469
Germany,DEU,2015,1.501
Germany,DEU,2016,1.591
Germany,DEU,2017,1.57
Germany,DEU,2018,1.566
Germany,DEU,2019,1.541
Germany,DEU,2020,1.531
Germany,DEU,2021,1.577
Germany,DEU,2022,1.46
Germany,DEU,2023,1.441
India,IND,1950,5.732
India,IND,1951,5.772
India,IND,1952,5.821
India,IND,1953,5.865
India,IND,1954,5.906
India,IND,1955,5.911
India,IND,1956,5.913
India,IND,1957,5.913
India,IND,1958,5.903
India,IND,1959,5.892
India,IND,1960,5.921
India,IND,1961,5.937
India,IND,1962,5.953
India,IND,1963,5.969
India,IND,1964,5.979
India,IND,1965,5.941
India,IND,1966,5.881
India,IND,1967,5.825
India,IND,1968,5.76
India,IND,1969,5.684
India,IND,1970,5.624
India,IND,1971,5.565
India,IND,1972,5.482
India,IND,1973,5.402
India,IND,1974,5.325
India,IND,1975,5.195
India,IND,1976,5.13
India,IND,1977,5.007
India,IND,1978,4.888
India,IND,1979,4.808
India,IND,1980,4.775
India,IND,1981,4.698
India,IND,1982,4.62
India,IND,1983,4.565
India,IND,1984,4.516
India,IND,1985,4.432
India,IND,1986,4.399
India,IND,1987,4.311
India,IND,1988,4.222
India,IND,1989,4.132
India,IND,1990,4.045
India,IND,1991,3.959
India,IND,1992,3.877
India,IND,1993,3.799
India,IND,1994,3.723
India,IND,1995,3.651
India,IND,1996,3.582
India,IND,1997,3.514
India,IND,1998,3.446
India,IND,1999,3.383
India,IND,2000,3.35
India,IND,2001,3.303
India,IND,2002,3.217
India,IND,2003,3.122
India,IND,2004,3.046
India,IND,2005,2.958
India,IND,2006,2.867
India,IND,2007,2.775
India,IND,2008,2.711
India,IND,2009,2.674
India,IND,2010,2.598
India,IND,2011,2.532
India,IND,2012,2.47
India,IND,2013,2.399
India,IND,2014,2.293
India,IND,2015,2.289
India,IND,2016,2.284
India,IND,2017,2.193
India,IND,2018,2.184
India,IND,2019,2.12
India,IND,2020,2.047
India,IND,2021,2.014
India,IND,2022,1.994
India,IND,2023,1.975
Japan,JPN,1947,4.614
Japan,JPN,1948,4.463
Japan,JPN,1949,4.373
Japan,JPN,1950,3.615
Japan,JPN,1951,3.225
Japan,JPN,1952,2.947
Japan,JPN,1953,2.673
Japan,JPN,1954,2.468
Japan,JPN,1955,2.349
Japan,JPN,1956,2.206
Japan,JPN,1957,2.036
Japan,JPN,1958,2.097
Japan,JPN,1959,2.035
Japan,JPN,1960,1.981
Japan,JPN,1961,1.928
Japan,JPN,1962,1.928
Japan,JPN,1963,1.951
Japan,JPN,1964,1.998
Japan,JPN,1965,2.089
Japan,JPN,1966,1.632
Japan,JPN,1967,2.158
Japan,JPN,1968,2.065
Japan,JPN,1969,2.026
Japan,JPN,1970,2.035
Japan,JPN,1971,2.089
Japan,JPN,1972,2.114
Japan,JPN,1973,2.145
Japan,JPN,1974,2.065
Japan,JPN,1975,1.921
Japan,JPN,1976,1.841
Japan,JPN,1977,1.789
Japan,JPN,1978,1.786
Japan,JPN,1979,1.769
Japan,JPN,1980,1.739
Japan,JPN,1981,1.718
Japan,JPN,1982,1.738
Japan,JPN,1983,1.77
Japan,JPN,1984,1.78
Japan,JPN,1985,1.736
Japan,JPN,1986,1.698
Japan,JPN,1987,1.666
Japan,JPN,1988,1.625
Japan,JPN,1989,1.547
Japan,JPN,1990,1.509
Japan,JPN,1991,1.504
Japan,JPN,1992,1.478
Japan,JPN,1993,1.44
Japan,JPN,1994,1.468
Japan,JPN,1995,1.407
Japan,JPN,1996,1.403
Japan,JPN,1997,1.376
Japan,JPN,1998,1.371
Japan,JPN,1999,1.34
Japan,JPN,2000,1.346
Japan,JPN,2001,1.325
Japan,JPN,2002,1.308
Japan,JPN,2003,1.285
Japan,JPN,2004,1.277
Japan,JPN,2005,1.245
Japan,JPN,2006,1.285
Japan,JPN,2007,1.305
Japan,JPN,2008,1.33
Japan,JPN,2009,1.333
Japan,JPN,2010,1.357
Japan,JPN,2011,1.363
Japan,JPN,2012,1.376
Japan,JPN,2013,1.389
Japan,JPN,2014,1.388
Japan,JPN,2015,1.415
Japan,JPN,2016,1.408
Japan,JPN,2017,1.39
Japan,JPN,2018,1.373
Japan,JPN,2019,1.323
Japan,JPN,2020,1.304
Japan,JPN,2021,1.275
Japan,JPN,2022,1.256
Japan,JPN,2023,1.208
Russia,RUS,1950,2.926
Russia,RUS,1951,2.902
Russia,RUS,1952,2.863
Russia,RUS,1953,2.829
Russia,RUS,1954,2.852
Russia,RUS,1955,2.812
Russia,RUS,1956,2.758
Russia,RUS,1957,2.729
Russia,RUS,1958,2.692
Russia,RUS,1959,2.663
Russia,RUS,1960,2.633
Russia,RUS,1961,2.52
Russia,RUS,1962,2.362
Russia,RUS,1963,2.285
Russia,RUS,1964,2.176
Russia,RUS,1965,2.113
Russia,RUS,1966,2.105
Russia,RUS,1967,2.023
Russia,RUS,1968,1.98
Russia,RUS,1969,1.988
Russia,RUS,1970,2.007
Russia,RUS,1971,2.048
Russia,RUS,1972,2.068
Russia,RUS,1973,2.01
Russia,RUS,1974,2.027
Russia,RUS,1975,2.002
Russia,RUS,1976,1.993
Russia,RUS,1977,1.978
Russia,RUS,1978,1.953
Russia,RUS,1979,1.92
Russia,RUS,1980,1.916
Russia,RUS,1981,1.941
Russia,RUS,1982,2.022
Russia,RUS,1983,2.135
Russia,RUS,1984,2.099
Russia,RUS,1985,2.094
Russia,RUS,1986,2.205
Russia,RUS,1987,2.249
Russia,RUS,1988,2.159
Russia,RUS,1989,2.034
Russia,RUS,1990,1.91
Russia,RUS,1991,1.751
Russia,RUS,1992,1.566
Russia,RUS,1993,1.393
Russia,RUS,1994,1.398
Russia,RUS,1995,1.352
Russia,RUS,1996,1.289
Russia,RUS,1997,1.243
Russia,RUS,1998,1.242
Russia,RUS,1999,1.183
Russia,RUS,2000,1.19
Russia,RUS,2001,1.221
Russia,RUS,2002,1.287
Russia,RUS,2003,1.334
Russia,RUS,2004,1.345
Russia,RUS,2005,1.299
Russia,RUS,2006,1.315
Russia,RUS,2007,1.428
Russia,RUS,2008,1.517
Russia,RUS,2009,1.559
Russia,RUS,2010,1.585
Russia,RUS,2011,1.601
Russia,RUS,2012,1.708
Russia,RUS,2013,1.725
Russia,RUS,2014,1.766
Russia,RUS,2015,1.79
Russia,RUS,2016,1.773
Russia,RUS,2017,1.627
Russia,RUS,2018,1.581
Russia,RUS,2019,1.504
Russia,RUS,2020,1.505
Russia,RUS,2021,1.505
Russia,RUS,2022,1.452
Russia,RUS,2023,1.449
United Kingdom,GBR,1950,2.224
United Kingdom,GBR,1951,2.185
United Kingdom,GBR,1952,2.193
United Kingdom,GBR,1953,2.227
United Kingdom,GBR,1954,2.246
United Kingdom,GBR,1955,2.279
United Kingdom,GBR,1956,2.375
United Kingdom,GBR,1957,2.47
United Kingdom,GBR,1958,2.546
United Kingdom,GBR,1959,2.604
United Kingdom,GBR,1960,2.704
United Kingdom,GBR,1961,2.789
United Kingdom,GBR,1962,2.866
United Kingdom,GBR,1963,2.91
United Kingdom,GBR,1964,2.931
United Kingdom,GBR,1965,2.867
United Kingdom,GBR,1966,2.777
United Kingdom,GBR,1967,2.678
United Kingdom,GBR,1968,2.592
United Kingdom,GBR,1969,2.502
United Kingdom,GBR,1970,2.421
United Kingdom,GBR,1971,2.343
United Kingdom,GBR,1972,2.182
United Kingdom,GBR,1973,2.036
United Kingdom,GBR,1974,1.915
United Kingdom,GBR,1975,1.807
United Kingdom,GBR,1976,1.738
United Kingdom,GBR,1977,1.689
United Kingdom,GBR,1978,1.753
United Kingdom,GBR,1979,1.857
United Kingdom,GBR,1980,1.888
United Kingdom,GBR,1981,1.817
United Kingdom,GBR,1982,1.778
United Kingdom,GBR,1983,1.766
United Kingdom,GBR,1984,1.766
United Kingdom,GBR,1985,1.788
United Kingdom,GBR,1986,1.782
United Kingdom,GBR,1987,1.808
United Kingdom,GBR,1988,1.82
United Kingdom,GBR,1989,1.794
United Kingdom,GBR,1990,1.829
United Kingdom,GBR,1991,1.817
United Kingdom,GBR,1992,1.793
United Kingdom,GBR,1993,1.758
United Kingdom,GBR,1994,1.737
United Kingdom,GBR,1995,1.709
United Kingdom,GBR,1996,1.722
United Kingdom,GBR,1997,1.722
United Kingdom,GBR,1998,1.711
United Kingdom,GBR,1999,1.682
United Kingdom,GBR,2000,1.641
United Kingdom,GBR,2001,1.624
United Kingdom,GBR,2002,1.633
United Kingdom,GBR,2003,1.698
United Kingdom,GBR,2004,1.747
United Kingdom,GBR,2005,1.761
United Kingdom,GBR,2006,1.812
United Kingdom,GBR,2007,1.863
United Kingdom,GBR,2008,1.905
United Kingdom,GBR,2009,1.893
United Kingdom,GBR,2010,1.918
United Kingdom,GBR,2011,1.911
United Kingdom,GBR,2012,1.909
United Kingdom,GBR,2013,1.83
United Kingdom,GBR,2014,1.811
United Kingdom,GBR,2015,1.801
United Kingdom,GBR,2016,1.785
United Kingdom,GBR,2017,1.735
United Kingdom,GBR,2018,1.676
United Kingdom,GBR,2019,1.632
United Kingdom,GBR,2020,1.571
United Kingdom,GBR,2021,1.583
United Kingdom,GBR,2022,1.56
United Kingdom,GBR,2023,1.56
United States,USA,1933,2.012
United States,USA,1934,2.072
United States,USA,1935,2.038
United States,USA,1936,2.007
United States,USA,1937,2.038
United States,USA,1938,2.092
United States,USA,1939,2.05
United States,USA,1940,2.113
United States,USA,1941,2.226
United States,USA,1942,2.465
United States,USA,1943,2.566
United States,USA,1944,2.439
United States,USA,1945,2.38
United States,USA,1946,2.83
United States,USA,1947,3.161
United States,USA,1948,3.009
United States,USA,1949,3.022
United States,USA,1950,3.086
United States,USA,1951,3.197
United States,USA,1952,3.29
United States,USA,1953,3.358
United States,USA,1954,3.475
United States,USA,1955,3.515
United States,USA,1956,3.624
United States,USA,1957,3.703
United States,USA,1958,3.754
United States,USA,1959,3.747
United States,USA,1960,3.732
United States,USA,1961,3.691
United States,USA,1962,3.533
United States,USA,1963,3.39
United States,USA,1964,3.258
United States,USA,1965,2.983
United States,USA,1966,2.769
United States,USA,1967,2.605
United States,USA,1968,2.508
United States,USA,1969,2.504
United States,USA,1970,2.515
United States,USA,1971,2.318
United States,USA,1972,2.057
United States,USA,1973,1.921
United States,USA,1974,1.872
United States,USA,1975,1.815
United States,USA,1976,1.785
United States,USA,1977,1.826
United States,USA,1978,1.804
United States,USA,1979,1.843
United States,USA,1980,1.861
United States,USA,1981,1.847
United States,USA,1982,1.855
United States,USA,1983,1.827
United States,USA,1984,1.827
United States,USA,1985,1.854
United States,USA,1986,1.852
United States,USA,1987,1.885
United States,USA,1988,1.942
United States,USA,1989,2.014
United States,USA,1990,2.072
United States,USA,1991,2.059
United States,USA,1992,2.039
United States,USA,1993,2.01
United States,USA,1994,1.988
United States,USA,1995,1.965
United States,USA,1996,1.96
United States,USA,1997,1.956
United States,USA,1998,1.98
United States,USA,1999,1.99
United States,USA,2000,2.03
United States,USA,2001,2.011
United States,USA,2002,2.003
United States,USA,2003,2.025
United States,USA,2004,2.031
United States,USA,2005,2.04
United States,USA,2006,2.087
United States,USA,2007,2.096
United States,USA,2008,2.053
United States,USA,2009,1.987
United States,USA,2010,1.916
United States,USA,2011,1.879
United States,USA,2012,1.862
United States,USA,2013,1.84
United States,USA,2014,1.848
United States,USA,2015,1.832
United States,USA,2016,1.804
United States,USA,2017,1.753
United States,USA,2018,1.715
United States,USA,2019,1.684
United States,USA,2020,1.616
United States,USA,2021,1.634
United States,USA,2022,1.665
United States,USA,2023,1.624
World,OWID_WRL,1950,4.852
World,OWID_WRL,1951,4.816
World,OWID_WRL,1952,5.001
World,OWID_WRL,1953,4.922
World,OWID_WRL,1954,4.998
World,OWID_WRL,1955,5.003
World,OWID_WRL,1956,4.931
World,OWID_WRL,1957,5.068
World,OWID_WRL,1958,4.932
World,OWID_WRL,1959,4.74
World,OWID_WRL,1960,4.696
World,OWID_WRL,1961,4.571
World,OWID_WRL,1962,5.022
World,OWID_WRL,1963,5.308
World,OWID_WRL,1964,5.123
World,OWID_WRL,1965,5.071
World,OWID_WRL,1966,4.961
World,OWID_WRL,1967,4.852
World,OWID_WRL,1968,4.963
World,OWID_WRL,1969,4.866
World,OWID_WRL,1970,4.825
World,OWID_WRL,1971,4.679
World,OWID_WRL,1972,4.545
World,OWID_WRL,1973,4.416
World,OWID_WRL,1974,4.259
World,OWID_WRL,1975,4.08
World,OWID_WRL,1976,3.974
World,OWID_WRL,1977,3.85
World,OWID_WRL,1978,3.787
World,OWID_WRL,1979,3.771
World,OWID_WRL,1980,3.744
World,OWID_WRL,1981,3.711
World,OWID_WRL,1982,3.712
World,OWID_WRL,1983,3.581
World,OWID_WRL,1984,3.553
World,OWID_WRL,1985,3.515
World,OWID_WRL,1986,3.504
World,OWID_WRL,1987,3.476
World,OWID_WRL,1988,3.39
World,OWID_WRL,1989,3.347
World,OWID_WRL,1990,3.31
World,OWID_WRL,1991,3.131
World,OWID_WRL,1992,3.044
World,OWID_WRL,1993,2.98
World,OWID_WRL,1994,2.933
World,OWID_WRL,1995,2.889
World,OWID_WRL,1996,2.846
World,OWID_WRL,1997,2.809
World,OWID_WRL,1998,2.776
World,OWID_WRL,1999,2.75
World,OWID_WRL,2000,2.754
World,OWID_WRL,2001,2.714
World,OWID_WRL,2002,2.684
World,OWID_WRL,2003,2.659
World,OWID_WRL,2004,2.647
World,OWID_WRL,2005,2.63
World,OWID_WRL,2006,2.625
World,OWID_WRL,2007,2.623
World,OWID_WRL,2008,2.626
World,OWID_WRL,2009,2.621
World,OWID_WRL,2010,2.602
World,OWID_WRL,2011,2.588
World,OWID_WRL,2012,2.607
World,OWID_WRL,2013,2.572
World,OWID_WRL,2014,2.564
World,OWID_WRL,2015,2.537
World,OWID_WRL,2016,2.536
World,OWID_WRL,2017,2.504
World,OWID_WRL,2018,2.437
World,OWID_WRL,2019,2.397
World,OWID_WRL,2020,2.322
World,OWID_WRL,2021,2.291
World,OWID_WRL,2022,2.265
World,OWID_WRL,2023,2.251