{
  "chart": {
    "title": "Homicide rate",
    "subtitle": "Annual number of deaths from [homicide](#dod:homicide) per 100,000 people.",
    "citation": "United Nations Office on Drugs and Crime (2025)",
    "originalChartUrl": "https://ourworldindata.org/grapher/homicide-rate-unodc?overlay=download-data&v=1&csvType=filtered&useColumnShortNames=false",
    "selection": [
      "Ecuador",
      "Jamaica",
      "Colombia",
      "Russia",
      "United States"
    ]
  },
  "columns": {
    "Homicide rate per 100,000 population - sex: Total - age: Total": {
      "titleShort": "Homicide rate per 100,000 population",
      "titleLong": "Homicide rate per 100,000 population",
      "descriptionShort": "[Intentional homicide](#dod:homicide) rate per 100,000 population.",
      "descriptionKey": [
        "UNODC collects intentional homicide data from criminal justice systems (law enforcement records) and public health systems (death certificates).",
        "Intentional homicide requires three elements: one person killing another, intent to kill or seriously injure, and the act was illegal. For example, a person who kills another in self-defence is not considered to have committed an intentional homicide as justifiable homicide in self-defence is not illegal.",
        "All killings that meet the criteria listed below are to be considered intentional homicides, irrespective of definitions provided by national legislations or practices.",
        "Terrorist killings are included as intentional homicides."
      ],
      "descriptionProcessing": "Values for the United Kingdom are calculated by Our World in Data from UNODC data for England, Wales, Scotland and Northern Ireland.\n\nRates for the most recent year are calculated using medium population projection estimates from the United Nations World Population Prospects.",
      "unit": "homicides per 100,000 population",
      "timespan": "1990-2024",
      "type": "Numeric",
      "owidVariableId": 1035032,
      "shortName": "value__category_total__sex_total__age_total__unit_of_measurement_rate_per_100_000_population",
      "lastUpdated": "2025-05-28",
      "nextUpdate": "2026-05-28",
      "citationShort": "UN, World Population Prospects (2024); United Nations Office on Drugs and Crime (2025) – with major processing by Our World in Data",
      "citationLong": "UN, World Population Prospects (2024); United Nations Office on Drugs and Crime (2025) – with major processing by Our World in Data. “Homicide rate per 100,000 population” [dataset]. United Nations Office on Drugs and Crime, “United Nations Office on Drugs and Crime - Intentional Homicide Victims”; United Nations, “World Population Prospects”; Various sources, “Population” [original data].",
      "fullMetadata": "https://api.ourworldindata.org/v1/indicators/1035032.metadata.json"
    },
    "World regions according to OWID": {
      "titleShort": "World regions according to OWID",
      "titleLong": "World regions according to OWID",
      "descriptionShort": "Regions defined by Our World in Data, which are used in OWID charts and maps.",
      "unit": "",
      "timespan": "2023-2023",
      "type": "Continent",
      "owidVariableId": 900801,
      "shortName": "owid_region",
      "lastUpdated": "2023-01-01",
      "citationShort": "Our World in Data – processed by Our World in Data",
      "citationLong": "Our World in Data – processed by Our World in Data. “World regions according to OWID” [dataset]. Our World in Data, “Regions” [original data].",
      "fullMetadata": "https://api.ourworldindata.org/v1/indicators/900801.metadata.json"
    }
  },
  "dateDownloaded": "2025-11-08",
  "activeFilters": {
    "overlay": "download-data"
  }
}